132,0.001814882,0,0.00907441,0,0,0.001814882,30,1.2,0,14.7,58,95,153,3,0,133,128,132,16,0,0,0
132,0,0,0.008908686,0.002227171,0,0,30,1.2,0,14.6,55,95,150,1,1,133,128,132,12,0,0,0
132,0.009933775,0,0.009933775,0,0,0,27,1.7,0,11.3,122,54,176,8,0,150,146,149,18,1,0,0
132,0.007853403,0,0.010471204,0,0,0,29,1.6,0,7.4,92,84,176,3,0,155,147,150,17,1,0,0
130,0.004385965,0,0.007894737,0.000877193,0,0,40,0.9,17,6.5,45,110,155,6,0,136,133,135,4,0,0,0
130,0.002150538,0,0.008602151,0,0,0,51,0.6,38,4.8,23,125,148,1,0,134,135,136,1,0,0,0
130,0.006189213,0,0.006189213,0,0,0,38,1,0,8.1,53,102,155,6,1,136,135,137,4,0,0,0
130,0.007017544,0,0.007017544,0,0,0,36,1.1,0,8.9,66,90,156,6,1,136,135,137,5,1,0,0
130,0.003679853,0,0.006439742,0,0,0,48,0.7,32,6.7,53,102,155,5,0,137,136,138,2,0,0,0
130,0,0,0.005309735,0,0,0,53,0.5,45,5.9,20,123,143,2,0,137,136,138,0,1,0,0
130,0.004448399,0,0.007117438,0,0,0,40,0.9,1,9.1,53,102,155,6,1,136,135,137,3,0,0,0
130,0.002105263,0,0.006315789,0,0,0,47,0.7,30,6.8,39,114,153,4,0,137,136,138,2,0,0,0
130,0,0,0.005208333,0,0,0,52,0.6,44,5.9,30,123,153,2,1,137,136,138,0,0,0,0
130,0.002608696,0,0.006956522,0,0,0,37,0.9,0,13.4,43,112,155,3,0,136,134,135,3,0,0,0
130,0.002906977,0,0.007267442,0,0,0,33,1.1,0,16.4,53,103,156,3,0,133,133,134,4,0,0,0
130,0.001577287,0,0.006309148,0,0,0,39,0.9,8,12.3,43,112,155,3,0,136,134,136,3,0,0,0
130,0,0,0.005347594,0,0,0,31,1.1,0,17.6,47,103,150,3,1,131,132,133,2,0,0,0
130,0,0,0.004545455,0,0,0,31,1.1,0,14.3,36,114,150,1,2,131,132,133,1,0,0,0
130,0,0,0.003846154,0,0,0,28,1.2,0,15,36,114,150,2,2,131,132,133,2,0,0,0
130,0.00122399,0,0.006119951,0,0,0,41,0.8,13,9.9,42,114,156,2,1,136,135,137,2,0,0,0
130,0,0,0.004938272,0,0,0,49,0.6,25,5.4,14,129,143,1,0,137,136,138,0,0,0,0
133,0.002803738,0,0.007476636,0.001869159,0,0,28,1.4,0,15.9,54,109,163,3,0,140,138,139,9,0,0,0
133,0.00536193,0,0.008042895,0.002680965,0,0,31,1.3,0,12.8,60,103,163,2,0,140,139,140,10,0,0,0
133,0.008032129,0,0.008032129,0.004016064,0,0,34,1.2,0,7.1,60,103,163,2,0,136,140,141,14,0,0,0
133,0,0,0.007490637,0.007490637,0,0,32,1.4,0,9.8,43,103,146,1,0,136,132,136,7,1,0,0
133,0,0,0.007042254,0.000782473,0,0,27,1.4,1,18.8,56,96,152,5,0,136,134,137,4,1,0,0
133,0,0,0.006504065,0,0,0,22,1.6,0,21.3,47,105,152,1,0,138,135,138,5,1,0,0
133,0.00245098,0,0.007352941,0.00245098,0,0,34,1.1,7,14.3,69,91,160,4,0,136,135,137,5,0,0,0
133,0,0,0.007042254,0,0,0,36,1,8,16.4,59,91,150,3,0,136,134,137,3,1,0,0
133,0.00170068,0,0.005952381,0,0,0,40,0.9,21,11.2,50,106,156,3,0,142,140,142,3,1,0,0
133,0.003076923,0,0.006153846,0,0,0,34,1.1,6,14.5,58,101,159,4,0,142,139,142,4,1,0,0
133,0.002684564,0,0.005369128,0.001342282,0,0,33,1.2,5,13.7,58,101,159,4,0,142,138,141,5,1,0,0
133,0.004123711,0,0.006185567,0.002061856,0,0,35,1.1,8,7.4,48,109,157,2,1,142,138,141,4,0,0,0
136,0.000892857,0,0.007142857,0,0,0,42,0.8,9,12.7,45,117,162,2,0,139,138,140,2,0,0,0
136,0,0,0.008080808,0,0,0,36,1,0,16.1,37,117,154,2,0,139,137,138,3,0,0,0
136,0,0,0.006717045,0,0,0,47,0.7,22,10,36,117,153,2,1,144,141,143,2,1,0,0
136,0,0,0.007518797,0,0,0,37,1,0,15.7,37,117,154,2,1,138,137,139,2,0,0,0
136,0,0,0.006071119,0,0,0,53,0.5,37,5.9,17,134,151,2,0,144,142,144,0,0,0,0
136,0,0,0.007001167,0,0,0,54,0.5,40,5.6,17,134,151,2,0,144,143,145,0,0,0,0
136,0.006926407,0,0.006926407,0.000865801,0,0,42,0.7,3,4.2,47,112,159,0,0,145,143,145,3,1,0,0
136,0.00591716,0,0.00591716,0,0,0,43,0.7,1,4.6,39,120,159,0,1,145,144,146,2,0,0,0
136,0.005857741,0,0.006694561,0.00083682,0,0,43,0.7,4,5.1,46,112,158,1,0,144,142,144,3,1,0,0
144,0.002777778,0,0.008333333,0,0,0,48,0.7,6,10.2,47,120,167,3,0,148,149,150,3,0,0,0
144,0,0,0.007561437,0,0,0,48,0.6,6,11.4,31,129,160,1,0,148,147,149,1,0,0,0
149,0,0,0.008974359,0.007692308,0,0,42,2.5,23,8.2,162,51,213,4,0,156,142,154,87,0,0,0
149,0,0,0.008865248,0.008865248,0,0,39,2.5,25,5.6,137,51,188,4,1,155,139,153,97,1,0,0
149,0.001256281,0,0.007537688,0,0,0,55,0.5,19,6.4,23,147,170,2,0,155,155,156,0,0,0,0
149,0,0,0.007797271,0,0,0,59,0.5,27,5.5,15,148,163,1,0,155,154,156,0,0,0,0
144,0.001838235,0,0.005514706,0.000919118,0,0,51,0.6,16,6,44,125,169,3,0,157,156,158,3,1,0,0
144,0.001737619,0,0.004344049,0.001737619,0,0,45,0.7,13,8.8,54,122,176,2,0,157,155,156,5,0,0,0
144,0.002853067,0,0.005706134,0,0,0,50,0.6,21,5.3,27,142,169,2,0,157,157,158,2,0,0,0
144,0.004711425,0,0.008244994,0.002355713,0,0,32,1.2,0,8.8,65,115,180,3,0,153,152,154,12,0,0,0
144,0.005277045,0,0.006596306,0.002638522,0,0,33,1.1,0,7.7,68,113,181,3,0,153,154,155,12,0,0,0
143,0.006042296,0,0.008056395,0.002014099,0,0,28,1.4,0,8.3,80,102,182,3,0,155,152,154,23,0,0,0
143,0.003590664,0,0.005385996,0.001795332,0,0,22,1.8,0,11.5,85,99,184,5,0,151,149,152,29,0,0,0
144,0.001980198,0,0.004950495,0.000990099,0,0,34,1.2,5,10.2,80,102,182,4,0,157,152,155,17,0,0,0
144,0,0,0.004140787,0.002070393,0,0,33,1.2,2,10.4,61,99,160,2,0,153,147,152,19,1,0,0
144,0.002970297,0,0.005940594,0,0,0,40,0.8,5,11.1,56,112,168,2,0,157,153,155,5,1,0,0
144,0.002967359,0,0.007418398,0,0,0,38,0.9,5,13.4,56,112,168,3,0,157,153,156,6,1,0,0
144,0.004449388,0,0.005561735,0,0,0,40,0.8,0,9.9,59,112,171,3,0,160,154,157,8,1,0,0
144,0,0,0.008196721,0,0,0,26,1.3,0,17,52,112,164,2,0,150,146,148,6,1,0,0
145,0.004016064,0,0.004016064,0,0,0,45,0.7,1,7.4,38,133,171,2,0,160,158,159,2,0,0,0
145,0.002793296,0,0.005586592,0,0,0,48,0.7,2,6.3,38,133,171,2,0,160,159,160,2,1,0,0
130,0.00856531,0,0.010706638,0.004282655,0,0,24,1.6,0,0,106,76,182,3,1,155,140,148,84,1,0,0
130,0.012072435,0,0.012072435,0,0,0,24,1.4,0,0,74,117,191,3,1,155,154,157,14,0,0,0
130,0.004319654,0,0.008639309,0.008639309,0,0,25,1.7,0,0,94,76,170,6,0,133,119,121,73,0,0,0
133,0.002293578,0,0.009174312,0.009174312,0,0,25,1.7,0,0,94,76,170,6,0,133,117,117,77,0,0,0
132,0.007802341,0,0.011703511,0.00520156,0,0,25,1.5,0,0,115,76,191,3,1,160,138,149,119,1,0,0
132,0,0,0.004484305,0.00896861,0,0,26,2.1,0,0,81,76,157,4,0,86,109,106,110,-1,0,0
132,0.000952381,0,0.006666667,0.003809524,0,0,28,1.6,4,13.5,92,68,160,6,3,136,132,136,13,1,0,0
132,0.001689189,0,0.008445946,0.003378378,0,0,22,2.1,0,18.5,105,55,160,4,1,131,131,134,15,1,0,0
132,0,0,0.002622378,0.003496503,0,0,34,1,7,9.4,66,83,149,7,1,136,133,137,7,1,0,0
132,0,0,0.004484305,0.006726457,0,0,35,1.2,10,4.8,72,71,143,7,1,136,131,136,11,1,0,0
132,0.000897666,0,0.00448833,0.003590664,0,0,28,1.6,4,17.9,97,56,153,9,3,136,130,135,25,1,0,0
132,0,0,0.002994012,0,0,0,30,1.1,0,13.7,52,97,149,4,1,133,133,135,3,1,0,0
132,0.000861326,0,0.005167959,0.004306632,0,0,25,1.9,0,19.7,99,54,153,6,0,133,127,133,34,1,0,0
132,0,0,0.01,0,0,0,16,2.5,0,33.5,105,54,159,9,1,136,131,134,15,1,0,0
132,0.000847458,0,0.005084746,0.004237288,0,0,29,1.5,1,16,92,61,153,4,1,133,129,134,23,1,0,0
132,0,0,0.006451613,0.006451613,0,0,26,1.8,0,15,97,53,150,3,3,133,126,132,35,1,0,0
132,0.00095511,0,0.004775549,0.004775549,0,0,30,1.8,5,19.9,99,52,151,7,0,139,130,137,31,1,0,0
132,0,0,0.006134969,0,0,0,35,1.3,0,27.4,71,79,150,4,0,133,135,137,9,1,0,0
132,0.001432665,0,0.005730659,0.005730659,0,0,28,2.1,6,16.2,101,50,151,11,1,143,129,136,42,1,0,0
132,0,0,0.005649718,0.008474576,0,0,15,3.2,0,16.9,100,50,150,10,2,133,122,130,41,1,0,0
134,0,0,0.004541326,0.006357856,0,0,32,1.2,20,6.4,102,53,155,5,1,136,128,135,30,1,0,0
134,0,0,0.003629764,0.005444646,0,0,27,1.4,18,9.1,89,66,155,6,1,136,128,135,31,1,0,0
134,0,0,0.005128205,0.005128205,0,0,33,1.4,20,9.9,110,53,163,3,1,136,129,136,27,1,0,0
134,0,0,0.003521127,0.007042254,0,0,37,1.1,22,2.9,93,50,143,5,0,138,129,136,31,1,0,0
134,0,0,0.007391763,0.007391763,0,0,20,2.2,3,15.1,113,50,163,7,1,126,120,127,51,1,0,0
134,0,0,0.009852217,0,0,0,27,2.8,8,26.1,74,89,163,7,1,138,134,138,13,0,0,0
134,0,0,0.006738544,0.008086253,0,0,20,2.1,0,8.2,115,50,165,7,2,126,117,126,63,0,0,0
134,0,0,0.004576659,0.006864989,0,0,21,1.9,0,8.6,104,50,154,9,2,126,117,127,64,1,0,0
134,0,0,0.005181347,0.007772021,0,0,22,2.1,0,8,111,54,165,5,2,126,118,127,59,0,0,0
138,0.005338078,0,0.002669039,0.003558719,0,0,33,3.1,0,7.9,59,110,169,3,0,136,145,146,22,0,0,0
138,0,0,0.002695418,0.002695418,0,0,31,3.8,0,6.6,45,107,152,5,1,138,137,139,3,1,0,0
138,0.008631319,0,0.007398274,0,0,0,37,1.5,0,12.3,55,114,169,3,0,150,150,152,8,1,0,0
138,0.010434783,0,0.008695652,0,0,0,42,1.4,0,0,51,120,171,0,1,157,153,155,8,1,0,0
138,0,0,0.003937008,0,0,0,19,2.2,0,17.8,45,110,155,3,0,144,141,143,6,1,0,0
138,0.00477327,0,0.002386635,0,0,0,18,4.2,0,17.2,62,114,176,4,0,157,149,151,13,0,0,0
137,0.002406739,0.048134777,0.003610108,0.003610108,0,0,62,2.6,0,3.2,91,81,172,7,0,140,122,142,8,0,0,0
133,0.005870841,0.043052838,0.002935421,0.000978474,0,0,64,2,0,4.5,64,96,160,3,0,142,130,142,3,1,0,0
134,0.003948667,0.031589339,0.003948667,0.000987167,0,0,65,2.3,0,1.3,34,127,161,1,0,138,129,140,3,-1,0,0
144,0,0.04,0.00137931,0.006896552,0,0,65,3.3,0,2.7,89,74,163,3,0,147,109,149,17,1,0,0
136,0.003898635,0.050682261,0.003898635,0.001949318,0,0,63,1.8,0,6.4,76,96,172,8,0,142,132,143,5,0,0,0
133,0.005006258,0.036295369,0.003754693,0.001251564,0,0,65,2.5,0,1.6,34,127,161,1,0,138,127,140,3,-1,0,0
135,0.001610306,0.037037037,0.003220612,0.000805153,0,0,65,2,0,5.2,65,96,161,3,0,138,130,141,3,1,0,0
137,0.002219756,0.049944506,0.001109878,0.002219756,0,0,64,1.9,0,6.9,76,96,172,4,0,142,130,143,5,0,0,0
133,0.005813953,0.034883721,0.003322259,0.000830565,0,0,65,2.7,0,1.1,35,126,161,2,0,138,126,140,3,0,0,0
144,0.000726216,0.0486565,0.001452433,0.008714597,0,0,65,3.6,0,1.7,143,67,210,7,1,145,108,149,38,0,0,0
144,0.003169572,0.049128368,0.002377179,0.006339144,0,0.000792393,66,3.4,0,0.3,113,67,180,7,0,141,110,147,89,1,0,0
142,0.003816794,0.040712468,0.002544529,0.003816794,0,0.001272265,66,3.2,0,0.5,106,69,175,10,0,138,112,146,98,1,0,0
142,0.003174603,0.05,0.002380952,0.005555556,0,0.000793651,66,3.3,0,0.3,113,67,180,7,0,141,111,147,90,1,0,0
142,0.002787456,0.048083624,0.002787456,0.006271777,0,0.000696864,66,3.5,0,0.3,143,67,210,7,0,142,108,147,85,0,0,0
142,0.002469136,0.054320988,0.001234568,0.007407407,0,0,64,4,0,0.4,143,67,210,9,2,142,109,150,54,0,0,0
143,0.002109705,0.051687764,0.001054852,0.008438819,0,0,64,3.8,0,1.3,143,67,210,10,2,145,111,149,49,0,0,0
134,0.00140056,0.00210084,0.005602241,0.006302521,0,0,65,1.5,5,6.9,95,65,160,5,0,135,128,137,33,1,0,0
126,0.012743125,0.002012072,0.006706908,0.000670691,0,0,53,2.5,0,0.3,85,84,169,3,0,135,133,140,13,0,0,0
126,0.012313675,0.001944264,0.00712897,0.000648088,0,0,53,2.6,0,0.2,86,84,170,5,0,135,134,140,12,0,0,0
127,0.008614977,0,0.006626905,0.001325381,0,0,53,2.7,0,4.3,111,71,182,6,1,139,124,139,15,0,0,0
123,0.011963406,0.002814919,0.006333568,0,0,0,55,2.2,0,2.4,75,85,160,8,0,135,132,136,8,1,0,0
123,0.010586319,0.001628664,0.003257329,0,0,0,55,2.1,0,1.1,75,85,160,6,0,133,133,136,8,1,0,0
123,0.009745127,0.00149925,0.003748126,0,0,0,55,2.1,0,0,77,85,162,4,0,140,134,139,10,1,0,0
123,0.010011123,0.002224694,0.006674082,0,0,0,53,3.4,0,0,109,84,193,6,1,146,129,146,15,0,0,0
123,0.010231924,0.001364256,0.003410641,0,0,0,55,2,0,1.1,75,85,160,6,0,140,134,138,10,1,0,0
130,0.003799392,0,0.010638298,0.002279635,0,0,52,2.7,0,2.2,89,76,165,5,0,139,129,135,20,0,0,0
130,0.002335085,0.001167542,0.008756567,0.001167542,0,0,52,2.7,0,4.6,88,77,165,6,0,139,130,136,15,0,0,0
130,0.000807754,0.002423263,0.008077544,0.001615509,0,0,53,2.8,0,7.1,62,95,157,5,0,138,131,136,9,0,0,0
130,0.002311248,0.00385208,0.006933744,0.003081664,0,0,52,3,0,5.6,69,87,156,4,0,139,129,135,15,1,0,0
130,0.00254022,0.00508044,0.00592718,0.00254022,0,0,52,3,0,3.3,76,87,163,6,0,139,130,136,15,0,0,0
130,0.003766478,0.005649718,0.004708098,0.001883239,0,0,51,2.8,0,4.2,76,87,163,5,0,135,131,136,11,0,0,0
130,0.011538462,0,0.006730769,0,0,0,50,1.4,0,2.8,68,104,172,4,1,144,142,144,10,0,0,0
130,0.00890472,0.000890472,0.003561888,0.000890472,0,0,52,1.3,0,2.4,99,73,172,6,0,144,141,144,16,1,0,0
130,0.006559767,0.001457726,0.002186589,0.003644315,0,0,52,1.6,0,4.2,106,73,179,7,0,144,138,143,29,0,0,0
130,0.00648824,0.00162206,0.00243309,0.00405515,0,0,53,1.7,0,2,106,73,179,7,0,144,137,141,31,0,0,0
130,0.007092199,0.001576044,0.002364066,0.004728132,0,0,51,1.9,0,5.8,125,73,198,5,0,131,137,140,51,0,0,0
130,0.005025126,0.001005025,0.003015075,0.006030151,0,0,51,1.9,0,4.9,125,73,198,6,0,131,137,140,56,0,0,0
130,0.008423586,0.001203369,0.001805054,0.004211793,0,0,51,1.8,0,6.5,118,77,195,7,0,131,137,141,47,0,0,0
130,0.009633911,0,0.00867052,0.003853565,0,0,49,1.5,0,10.3,114,84,198,7,0,150,141,145,50,0,0,0
130,0.009027081,0,0.005015045,0.005015045,0,0,51,1.5,0,5,101,77,178,7,0,130,135,137,39,0,0,0
130,0.008040201,0.001005025,0.006030151,0.005025126,0,0,52,1.7,0,0.3,101,77,178,3,0,135,134,137,48,0,0,0
130,0.008039579,0.000927644,0.00401979,0.003710575,0,0,51,1.6,0,4.2,109,77,186,4,0,144,138,143,38,0,0,0
132,0.007874016,0,0.008748906,0.012248469,0,0,55,2.7,0,0,123,60,183,5,0,144,118,142,100,1,0,0
132,0.006749156,0,0.010123735,0.012373453,0,0,56,2.9,0,0,126,60,186,7,0,144,114,139,103,0,0,0
132,0.008421053,0,0.008421053,0.012631579,0,0,55,2.7,0,0,116,70,186,3,0,144,116,137,103,0,0,0
132,0.007462687,0,0.009950249,0.01119403,0,0,56,2.8,0,0,116,70,186,5,0,106,115,133,113,-1,0,0
132,0.004830918,0,0.010628019,0.01352657,0,0,58,2.9,0,0,115,63,178,4,0,112,110,121,64,0,0,0
114,0,0,0.008474576,0,0,0,65,0.4,0,11.5,22,104,126,1,0,115,115,116,0,0,0,0
114,0,0,0.009053498,0,0,0,65,0.5,0,12,24,102,126,1,0,115,115,116,1,0,0,0
114,0,0,0.008,0,0,0,64,0.5,0,12.2,25,100,125,1,0,115,114,116,1,0,0,0
114,0,0,0.008301887,0,0,0,64,0.5,0,12.4,26,100,126,1,0,115,114,116,1,0,0,0
114,0,0,0.008333333,0,0,0,65,0.5,0,11.6,23,102,125,1,0,115,115,116,0,0,0,0
114,0.002717391,0,0.006793478,0,0,0,61,1.3,0,16.2,57,91,148,2,0,113,113,114,10,0,0,0
106,0.010600707,0,0.00942285,0,0,0,62,1.4,0,12.7,54,94,148,5,0,107,117,116,32,-1,0,0
106,0,0,0.010088272,0,0,0,63,0.6,0,14.1,28,95,123,1,0,110,109,111,2,0,0,0
106,0,0,0.010351967,0,0,0,63,0.6,0,13.5,28,95,123,1,0,112,109,111,2,0,0,0
106,0.00110011,0,0.0110011,0,0,0,63,0.6,0,11.5,30,95,125,1,0,112,110,112,1,0,0,0
106,0,0,0.010297483,0,0,0,63,0.6,0,12.4,27,95,122,1,0,112,110,112,1,0,0,0
106,0,0,0.00947226,0,0,0,64,0.6,0,10.4,20,102,122,1,0,111,111,112,0,0,0,0
106,0.00630517,0,0.00630517,0,0,0,64,0.7,0,12.6,54,100,154,3,0,112,116,114,14,-1,0,0
110,0.001962067,0,0.007194245,0.000654022,0,0,62,0.9,0,11.8,64,92,156,5,0,112,113,113,12,-1,0,0
110,0.002777778,0,0.006481481,0.000925926,0,0,61,0.9,0,10.8,64,92,156,3,0,112,112,111,16,-1,0,0
110,0.00232378,0,0.00697134,0.000774593,0,0,63,0.8,0,10.9,64,92,156,3,0,112,113,113,14,-1,0,0
110,0.002910361,0.000582072,0.00523865,0.000582072,0,0,64,0.9,0,10.6,65,92,157,6,0,110,114,113,21,-1,0,0
110,0,0,0.00541028,0,0,0,64,0.6,0,12,30,98,128,1,0,110,111,112,1,0,0,0
110,0.003799392,0.000759878,0.002279635,0.000759878,0,0,65,1.1,0,9.3,88,90,178,5,0,109,113,112,24,-1,0,0
110,0.005102041,0.00085034,0.007653061,0.00085034,0,0,63,1.6,0,8.5,88,90,178,3,0,109,114,112,34,-1,0,0
110,0.006674082,0.001112347,0.008898776,0.001112347,0,0,63,1.9,0,7.2,88,90,178,4,0,107,115,114,48,-1,0,0
110,0.002629273,0,0.006134969,0.003505697,0,0,64,1.7,0,6.3,176,62,238,13,1,107,103,107,35,-1,0,0
110,0.003389831,0,0.003389831,0.001129944,0,0,64,1.6,0,6.8,116,62,178,12,1,107,105,108,37,0,0,0
110,0.003264418,0,0.006528836,0.004352557,0,0,63,2.4,0,1.8,176,62,238,10,1,98,101,105,59,-1,0,0
110,0.003787879,0,0.009469697,0.004734848,0,0,63,2.7,0,1.8,176,62,238,9,0,95,98,106,61,-1,0,0
110,0.00275672,0,0.007580979,0.004135079,0,0,64,2.1,0,5.6,176,62,238,10,0,107,101,108,33,-1,0,0
110,0.004342432,0.000620347,0.008684864,0.003722084,0,0,64,2.2,0,5.3,176,62,238,7,0,107,103,109,42,-1,0,0
110,0.003537736,0.000589623,0.009433962,0.002948113,0,0,64,1.8,0,6.8,176,62,238,7,0,110,106,110,36,-1,0,0
137,0.0144,0,0.0072,0.0032,0,0,53,2.7,0,0.3,136,52,188,9,2,160,142,163,42,1,0,0
137,0.012631579,0,0.007368421,0.003157895,0,0,54,2.8,0,4.8,136,52,188,9,2,164,141,165,48,1,0,0
137,0.012917933,0,0.006079027,0.003799392,0,0,56,2.4,0,0.4,136,52,188,5,0,160,141,161,51,1,0,0
137,0.012206573,0,0.002816901,0.003755869,0,0,56,2.1,0,0.2,136,52,188,3,0,160,144,161,39,1,0,0
137,0.01372549,0,0.002941176,0.003921569,0,0,57,1.8,0,0.2,136,52,188,7,0,146,145,161,46,1,0,0
137,0.013844515,0,0.003194888,0.005324814,0,0,57,1.8,0,0.4,136,52,188,7,1,146,142,157,53,1,0,0
137,0.01213419,0,0.002855103,0.004282655,0,0,56,2.2,0,0.4,136,52,188,4,0,160,141,159,59,1,0,0
137,0.011715481,0,0.00251046,0.0041841,0,0,58,1.7,0,1.7,136,52,188,7,1,149,145,158,44,1,0,0
137,0.011111111,0,0.005555556,0.003968254,0,0,57,1.6,0,7.6,136,52,188,5,1,148,146,158,42,1,0,0
137,0.009893993,0,0.00565371,0.004240283,0,0,56,1.6,0,7.1,136,52,188,5,0,148,143,157,59,1,0,0
137,0.008716323,0.000792393,0.004754358,0.003169572,0,0,58,1.5,0,5.4,109,69,178,2,0,146,143,150,52,1,0,0
137,0.008279669,0.000919963,0.004599816,0.00275989,0,0,58,1.6,0,5.6,109,69,178,5,0,148,143,151,55,1,0,0
137,0.006416132,0.001833181,0.004582951,0.002749771,0,0,58,1.5,0,5.2,109,69,178,5,1,148,143,150,49,1,0,0
137,0.007607192,0.001383126,0.004840941,0.003457815,0,0,58,1.4,0,4.7,109,69,178,2,0,146,143,150,47,1,0,0
137,0.006934813,0.001386963,0.004160888,0.002773925,0,0,57,1.4,0,6.2,109,69,178,4,0,146,143,149,43,1,0,0
137,0.006369427,0.001592357,0.00477707,0.002388535,0,0,57,1.4,0,6.8,109,69,178,3,1,148,143,149,43,1,0,0
137,0.005988024,0.004790419,0.004790419,0.001197605,0,0,59,1.4,0,7,48,122,170,2,0,146,141,143,8,0,0,0
137,0.008613264,0.003445306,0.004306632,0.000861326,0,0,58,1.2,0,6.4,48,122,170,1,0,146,144,146,8,0,0,0
137,0.01051709,0.003505697,0.004382121,0.000876424,0,0,56,1.1,0,5.2,48,122,170,1,0,146,144,146,8,0,0,0
137,0.009285714,0.002857143,0.004285714,0.000714286,0,0,57,1.2,0,5.9,48,122,170,1,0,146,144,145,8,0,0,0
137,0.012387387,0.002252252,0.004504505,0,0,0,56,0.9,0,4.1,48,122,170,3,0,147,146,147,7,0,0,0
131,0.0042337,0.00254022,0.0042337,0.00508044,0,0.00084674,60,2.1,0,0.9,90,78,168,8,0,133,127,132,21,0,0,0
131,0.006345178,0.002538071,0.003807107,0.003807107,0,0,57,2,0,1.2,69,100,169,6,1,133,133,134,15,0,0,0
131,0.008008008,0.003003003,0.002002002,0,0,0,53,1.8,0,3.2,60,109,169,7,0,150,143,147,14,0,0,0
131,0.00727802,0.004366812,0.002911208,0,0,0,53,2.4,0,0,56,109,165,4,0,131,140,143,25,0,0,0
131,0.007566204,0.003783102,0.003783102,0.001261034,0,0,55,2.3,0,0,56,109,165,3,0,130,138,141,25,0,0,0
131,0.007727975,0.002318393,0.003863988,0.001545595,0,0,55,1.9,0,2.4,85,84,169,6,0,150,139,144,25,1,0,0
131,0.007964602,0.002654867,0.003539823,0.000884956,0,0,55,1.9,0,2.8,85,84,169,6,0,150,140,145,22,1,0,0
131,0.008818342,0.000881834,0.003527337,0.000881834,0,0,55,2,0,2.7,85,84,169,6,0,132,140,145,26,1,0,0
131,0.009856631,0,0.002688172,0.000896057,0,0,54,1.4,0,3.3,85,84,169,7,0,151,143,147,20,1,0,0
131,0.008421053,0,0.002105263,0.001052632,0,0,54,1.5,0,5.3,86,83,169,7,0,151,142,147,22,1,0,0
131,0.009107468,0,0.003642987,0.000910747,0,0,54,1.5,0,4,85,84,169,6,0,151,141,144,22,1,0,0
131,0.007912957,0,0.004945598,0.00098912,0,0,54,1.6,0,2.7,56,111,167,2,0,138,139,141,8,0,0,0
131,0.009596929,0,0.005758157,0.000959693,0,0,52,1.3,0,2.8,56,111,167,2,0,138,140,142,8,0,0,0
131,0.006822612,0,0.006822612,0.001949318,0,0,52,1.4,0,2.4,68,99,167,3,0,140,139,141,8,0,0,0
134,0.004916421,0.000983284,0.005899705,0.003933137,0,0,53,1.8,0,0.9,83,83,166,5,0,143,133,140,29,1,0,0
134,0.005040323,0.001008065,0.006048387,0.005040323,0,0,56,1.6,0,1,83,83,166,7,0,135,133,138,23,0,0,0
134,0.003584229,0.000896057,0.006272401,0.006272401,0,0,57,1.5,0,1.8,78,83,161,5,0,137,132,138,21,1,0,0
134,0.002629273,0.000876424,0.007011394,0.005258545,0,0.000876424,59,1.4,0,2.7,72,83,155,7,1,137,127,136,35,1,0,0
134,0.007782101,0,0.011673152,0.006485084,0,0,60,1.3,0,0,109,80,189,7,0,156,138,151,101,1,0,0
134,0.007682458,0,0.010243278,0.005121639,0,0,60,1.1,0,9.3,109,80,189,8,0,156,145,154,70,1,0,0
134,0.009302326,0.001162791,0.010465116,0.005813953,0,0,60,1.2,0,0,109,80,189,8,0,156,145,154,69,1,0,0
134,0.008403361,0.000933707,0.010270775,0.005602241,0,0,61,1.1,0,3.7,109,80,189,10,0,156,144,151,61,0,0,0
134,0.007285974,0.000910747,0.010928962,0.005464481,0,0,62,1.2,0,4.5,109,80,189,9,0,156,145,152,49,0,0,0
134,0.007922535,0.000880282,0.008802817,0.004401408,0,0,60,1.2,0,4.9,109,80,189,4,1,156,147,151,40,0,0,0
134,0.007646559,0.000849618,0.006796941,0.004248088,0,0,59,1.2,0,5.2,109,80,189,6,0,150,146,150,33,0,0,0
134,0.005235602,0,0,0,0,0,55,1.2,0,1.8,83,90,173,4,0,150,147,151,22,1,0,0
134,0.005482456,0.001096491,0.006578947,0.004385965,0,0,61,1.2,0,5.9,83,90,173,4,0,150,143,148,19,1,0,0
134,0.005405405,0.000900901,0.007207207,0.004504505,0,0,61,1.1,0,6,83,90,173,5,0,142,143,147,17,1,0,0
134,0.006120888,0.000765111,0.006885998,0.003825555,0,0,62,1.1,0,4.9,83,90,173,5,0,148,142,147,17,1,0,0
134,0.00528169,0,0.006161972,0.003521127,0,0,62,1.1,0,4.9,83,90,173,5,0,142,142,146,15,0,0,0
134,0.007425743,0,0.006188119,0.002475248,0,0,63,1,0,3.8,83,90,173,3,0,149,144,147,15,1,0,0
134,0.007551241,0.002157497,0.003236246,0.005393743,0,0,63,0.9,0,2.5,100,88,188,8,0,151,140,146,36,0,0,0
134,0.009090909,0.001298701,0.006493506,0.004545455,0,0,60,1.1,0,0.5,99,88,187,6,0,151,145,151,38,0,0,0
134,0.009352518,0.001438849,0.00647482,0.005035971,0,0,59,1.2,0,0.6,99,88,187,5,0,151,145,151,42,0,0,0
134,0.008467401,0.00169348,0.008467401,0.00508044,0,0,59,1.1,0,0,99,88,187,5,0,151,145,152,44,0,0,0
134,0.008247423,0.001030928,0.009278351,0.005154639,0,0,57,1.2,0,0,95,92,187,4,0,151,147,154,44,0,0,0
134,0.009404389,0,0.010449321,0.00522466,0,0,57,1.2,0,0,101,86,187,3,0,151,148,155,47,1,0,0
134,0.011065007,0,0.009681881,0.004149378,0,0,56,1.4,0,0,101,86,187,5,0,151,152,160,44,1,0,0
134,0.010869565,0.001207729,0.008454106,0.004830918,0,0,55,1.5,0,0,101,86,187,5,0,151,149,157,49,1,0,0
160,0.009868421,0,0.008223684,0,0,0,58,0.8,0,8.2,74,131,205,7,0,179,170,174,14,0,0,0
120,0.002301496,0,0.001150748,0.009205984,0,0,57,1.3,0,7.5,78,79,157,4,0,113,115,119,25,0,0,0
120,0.002587322,0,0.001293661,0.010349288,0,0,58,1.2,0,7.3,78,79,157,3,0,128,114,118,39,0,0,0
120,0.002673797,0,0.001336898,0.009358289,0,0,57,1.5,0,8,78,79,157,5,1,113,115,119,28,0,0,0
121,0.002970297,0.001980198,0.002970297,0.004950495,0,0,58,1.5,0,8.9,96,67,163,7,1,122,116,120,25,0,0,0
121,0.003712871,0.002475248,0.003712871,0.006188119,0,0,58,1.7,0,8.4,96,67,163,6,1,122,115,120,31,0,0,0
121,0.003014318,0.001507159,0.002260739,0.003767898,0,0,57,1.6,0,13.6,99,67,166,7,1,122,119,123,24,0,0,0
121,0.005519779,0.001839926,0.003679853,0.001839926,0,0,57,1.3,0,14.1,76,90,166,3,0,124,126,126,17,0,0,0
121,0.005050505,0.002020202,0.001010101,0,0,0,55,1.4,0,13.7,73,96,169,6,0,124,127,127,19,0,0,0
121,0.006784261,0.002713704,0.001356852,0,0,0,54,1.7,0,9.9,73,96,169,7,0,124,129,130,24,0,0,0
121,0.00625,0.0015625,0.00390625,0.0015625,0,0,56,1.4,0,12.3,79,90,169,3,0,124,126,127,19,0,0,0
121,0.004095004,0.001638002,0.002457002,0.003276003,0,0,56,1.4,0,14,88,81,169,4,0,124,123,125,23,0,0,0
121,0.003767898,0.002260739,0.002260739,0.004521477,0,0,56,1.6,0,13.6,99,70,169,5,1,124,121,124,28,0,0,0
121,0.004757374,0.002854424,0.004757374,0.003805899,0,0,55,1.8,0,10.6,99,70,169,9,1,124,122,126,33,0,0,0
121,0.005532503,0.004149378,0.004149378,0.005532503,0,0,56,1.9,0,3,99,70,169,5,1,124,121,127,38,0,0,0
121,0.004813478,0.003610108,0.004813478,0.006016847,0,0,56,1.8,0,2.6,99,70,169,6,0,124,120,125,37,0,0,0
121,0.003872217,0.002904163,0.005808325,0.008712488,0,0,58,1.8,0,2.4,107,62,169,8,0,114,113,120,55,0,0,0
143,0.01026393,0,0.001466276,0,0,0,59,0.8,0,7.2,72,96,168,3,0,152,146,150,8,1,0,0
143,0.008223684,0,0.003289474,0.001644737,0,0,60,2,0,3.6,79,101,180,9,0,146,144,151,18,0,0,0
143,0.008156607,0,0.001631321,0,0,0,60,2.2,0,3.9,79,101,180,8,0,150,132,153,14,0,0,0
143,0,0,0.003857281,0,0,0,66,0.4,4,10.2,22,132,154,1,0,144,143,145,1,0,0,0
143,0,0,0.003717472,0,0,0,66,0.4,5,10,24,134,158,1,0,144,144,145,1,0,0,0
143,0,0,0.004232804,0,0,0,66,0.4,4,9.9,22,132,154,0,0,144,143,145,1,0,0,0
143,0,0,0.002988048,0,0,0,67,0.4,6,9.6,26,133,159,1,0,144,144,145,1,0,0,0
143,0,0,0.002597403,0,0,0,67,0.3,6,9.6,24,134,158,1,0,144,144,146,1,0,0,0
143,0,0,0.001886792,0,0,0,68,0.3,5,9.4,23,135,158,1,0,144,144,145,1,0,0,0
143,0,0,0.001008065,0,0,0,68,0.3,5,9.4,26,133,159,1,0,144,144,145,1,0,0,0
143,0,0,0.001029866,0,0,0,68,0.3,6,9.6,27,132,159,1,0,144,144,146,1,0,0,0
143,0,0,0.000865801,0,0,0,69,0.3,6,9.7,25,133,158,1,0,145,144,146,1,0,0,0
143,0,0,0.00097371,0,0,0,69,0.3,6,9.4,27,132,159,1,0,145,144,146,1,0,0,0
143,0,0,0.000992063,0,0,0,69,0.3,8,9.9,27,132,159,1,0,146,145,146,1,0,0,0
143,0,0,0.002714932,0,0,0,67,0.3,4,10.5,25,133,158,1,0,146,145,147,1,0,0,0
143,0,0,0.006233304,0,0,0,67,0.4,4,13.3,56,106,162,3,1,146,145,147,2,1,0,0
143,0,0,0.003134796,0,0,0,68,0.3,5,10.3,27,132,159,1,0,146,145,147,1,0,0,0
143,0,0,0.006849315,0,0,0,66,0.4,4,13.6,56,106,162,4,1,146,145,147,2,1,0,0
143,0,0,0.002906977,0,0,0,66,0.4,4,12.4,56,106,162,4,1,145,144,146,1,1,0,0
139,0.011965812,0.000854701,0.005982906,0,0,0,53,1.4,0,18.1,108,96,204,5,0,144,153,152,47,0,0,0
139,0.00862069,0,0.007389163,0,0,0,54,1,0,18.1,85,96,181,5,0,148,147,148,12,0,0,0
139,0.008946322,0,0.005964215,0,0,0,54,1,0,18.9,93,96,189,6,0,144,150,150,25,0,0,0
139,0.011077543,0.001007049,0.007049345,0,0,0,53,1.5,0,21,107,97,204,7,0,152,155,153,39,0,0,0
139,0.010764263,0.001076426,0.005382131,0,0,0,52,1.6,0,20,107,97,204,8,0,138,155,153,77,0,0,0
141,0.00625,0,0.00625,0,0,0,58,1.3,0,5.7,78,94,172,6,1,142,142,147,8,0,0,0
141,0.00140056,0,0.007002801,0,0,0,65,0.5,1,11.7,24,133,157,1,0,150,147,149,2,1,0,0
141,0.000994036,0,0.007952286,0,0,0,67,0.4,0,11.2,24,133,157,0,0,150,147,149,1,1,0,0
133,0.002277904,0.001138952,0.009111617,0.003416856,0,0,56,2.2,0,7.2,90,71,161,2,1,139,120,139,19,1,0,0
133,0.002516779,0.000838926,0.010067114,0.004194631,0,0,57,1.9,0,6.2,90,71,161,7,1,140,124,140,20,1,0,0
140,0,0.002358491,0.003537736,0.008254717,0,0,62,1.4,0,4.9,93,66,159,5,1,142,134,144,30,1,0,0
140,0,0.00141844,0.002836879,0.007092199,0,0,62,1.2,0,3.9,93,66,159,5,2,142,136,144,26,1,0,0
140,0,0.001096491,0.002192982,0.007675439,0,0,61,1.3,0,3.9,93,66,159,7,1,142,135,144,24,1,0,0
140,0,0.001014199,0.003042596,0.00811359,0,0,61,1.3,0,4,94,65,159,6,1,142,134,143,25,1,0,0
140,0,0.001970443,0.001970443,0.007881773,0,0,61,1.4,0,4.8,96,63,159,6,0,142,133,143,29,1,0,0
140,0,0.001207729,0.002415459,0.008454106,0,0,60,1.3,0,3.9,94,65,159,7,1,142,134,143,27,1,0,0
140,0,0.002339181,0.002339181,0.008187135,0,0,60,1.4,0,4.7,96,63,159,8,1,142,133,143,29,1,0,0
140,0,0.001984127,0.00297619,0.007936508,0,0,60,1.5,0,6.2,105,63,168,8,1,142,125,143,26,1,0,0
140,0,0.001138952,0.003416856,0.007972665,0,0,60,1.5,0,6.5,105,63,168,8,0,142,124,142,25,1,0,0
140,0,0.001042753,0.003128259,0.00729927,0,0,61,1.4,0,10,105,63,168,8,0,142,125,143,23,1,0,0
140,0,0.00334728,0.00251046,0.007531381,0,0,60,1.8,0,8.4,107,52,159,7,0,142,124,141,34,1,0,0
140,0,0.003693444,0.001846722,0.007386888,0,0,59,1.8,0,8.8,102,52,154,5,0,142,122,141,34,1,0,0
137,0,0.004268943,0.002134472,0.006403415,0,0,59,2,0,9.8,116,52,168,6,1,142,121,141,34,1,0,0
137,0,0.003533569,0.001766784,0.007067138,0,0,59,1.8,0,8.6,102,52,154,10,1,142,123,141,35,1,0,0
137,0.002306805,0.00461361,0.003460208,0.005767013,0,0,58,1.9,0,7.8,116,52,168,9,2,142,130,139,38,1,0,0
137,0.001915709,0.003831418,0.009578544,0.006704981,0,0,58,1.8,0,5.5,116,52,168,7,1,139,130,139,32,1,0,0
137,0.002018163,0.004036327,0.007063572,0.00605449,0,0,58,1.9,0,3.9,109,52,161,8,2,139,132,140,28,1,0,0
137,0.001906578,0.001906578,0.006673022,0.005719733,0,0,58,1.8,0,5.9,106,60,166,6,0,139,133,141,22,1,0,0
137,0,0.00120048,0.006002401,0.003601441,0,0,59,1.9,0,6.5,102,64,166,5,1,139,133,140,14,1,0,0
137,0,0.001028807,0.007201646,0.004115226,0,0,59,1.8,0,6.4,102,64,166,5,1,139,133,140,13,1,0,0
137,0,0,0.008474576,0.004842615,0,0,59,1.8,0,7.2,102,64,166,7,1,142,133,140,18,1,0,0
137,0,0,0.007238883,0.004136505,0,0,59,1.8,0,6.6,102,64,166,8,2,142,134,140,16,1,0,0
137,0,0,0.007470651,0.003201708,0,0,58,1.9,0,6.5,102,64,166,10,2,142,134,141,14,1,0,0
137,0,0.000805153,0.006441224,0.003220612,0,0,59,1.8,0,6.5,102,64,166,5,2,142,134,140,14,1,0,0
138,0.009846827,0,0.004376368,0.001094092,0,0,51,1.2,0,1.8,98,73,171,9,0,148,145,147,14,1,0,0
138,0.008939974,0,0.002554278,0.001277139,0,0,51,1.3,0,2,98,73,171,8,0,148,145,147,16,1,0,0
138,0.009424084,0,0.008376963,0.00104712,0,0,51,1.2,0,3.1,98,73,171,9,0,148,145,148,14,1,0,0
138,0.011857708,0,0.007114625,0.000790514,0,0,50,1.2,0,1.4,98,73,171,7,0,148,146,148,11,1,0,0
138,0.011433597,0,0.00703606,0.000879507,0,0,50,1.2,0,1.6,98,73,171,7,0,148,146,148,12,1,0,0
138,0.011942675,0,0.006369427,0.000796178,0,0,51,1.2,0,1.6,98,73,171,8,0,148,147,149,12,1,0,0
138,0.012589928,0,0.007194245,0.000899281,0,0,51,1.2,0,1.7,98,73,171,7,0,148,147,149,12,1,0,0
138,0.01371308,0,0.004219409,0,0,0,51,1.1,0,2.1,49,122,171,3,0,148,148,149,6,0,0,0
138,0.014067995,0,0.005861665,0,0,0,51,0.9,0,0.6,49,122,171,2,0,147,149,149,5,0,0,0
138,0.015906681,0,0.005302227,0,0,0,51,0.9,0,0.1,49,122,171,3,0,147,149,150,6,0,0,0
138,0.017073171,0,0.003658537,0,0,0,51,0.9,0,0.2,49,122,171,4,0,147,149,150,5,0,0,0
138,0.015165877,0,0.003791469,0,0,0,51,0.9,0,1.9,49,122,171,2,0,147,148,149,5,0,0,0
138,0.014444444,0,0.004444444,0,0,0,51,0.9,0,2.2,49,122,171,3,0,147,148,149,5,0,0,0
138,0.016,0,0,0,0,0,51,1,0,2.4,64,107,171,2,3,147,148,149,7,0,0,0
138,0.013843648,0,0.003257329,0,0,0,51,1,0,2.7,64,107,171,3,1,147,148,149,6,0,0,0
138,0.012772352,0,0.003005259,0.000751315,0,0,50,1.1,0,2.9,87,84,171,4,1,147,147,148,10,1,0,0
138,0.013757524,0,0.002579536,0.000859845,0,0,50,1.3,0,1.9,87,84,171,5,1,147,146,148,11,1,0,0
138,0.014842301,0,0.002782931,0,0,0,50,1,0,2.2,72,99,171,5,1,147,147,148,7,1,0,0
138,0.007926024,0,0,0.002642008,0,0,49,1.6,0,4.7,92,80,172,4,1,142,142,145,21,1,0,0
138,0.007142857,0,0.002380952,0.003571429,0,0,49,1.6,0,6,92,80,172,5,1,142,141,145,23,1,0,0
138,0.006128703,0,0.003064351,0.004085802,0,0,49,1.6,0,5.7,92,80,172,5,0,142,140,144,22,1,0,0
138,0.006375228,0.001821494,0.001821494,0.004553734,0,0,50,1.7,0,5.6,102,70,172,6,0,142,139,144,26,1,0,0
138,0.003579952,0.002386635,0.003579952,0.005966587,0,0,50,1.9,0,5.6,102,70,172,8,0,142,137,142,32,1,0,0
138,0.002854424,0.00190295,0.005708849,0.006660324,0,0,50,2.3,0,4.6,102,70,172,7,0,138,135,140,26,1,0,0
138,0.002544529,0.001696353,0.006785411,0.007633588,0,0,51,2.3,0,4.5,112,60,172,6,0,138,131,139,41,1,0,0
138,0.002034588,0.002034588,0.004069176,0.009155646,0,0,51,2.5,0,5.2,112,60,172,4,0,138,129,138,46,1,0,0
138,0.00241838,0.00241838,0.00362757,0.008464329,0,0,51,2.4,0,5.8,102,70,172,9,1,135,132,138,32,1,0,0
138,0.002515723,0.002515723,0.005031447,0.008805031,0,0,50,2.4,0,6,102,70,172,6,0,138,132,138,30,1,0,0
138,0.001494768,0.002989537,0.005979073,0.010463378,0,0,52,2.6,0,2.4,104,60,164,4,0,135,124,135,48,1,0,0
139,0.001834862,0,0.006422018,0,0,0,58,0.7,2,11.5,51,112,163,3,0,150,147,150,4,1,0,0
139,0.004016064,0,0.00669344,0,0,0,58,0.5,0,8.1,61,107,168,3,0,153,152,154,3,1,0,0
139,0.003636364,0,0.005454545,0,0,0,58,0.6,0,8.5,56,112,168,2,0,153,152,154,3,1,0,0
141,0.005719733,0,0.006673022,0,0,0,58,0.6,0,8.1,39,132,171,0,0,153,153,155,3,0,0,0
141,0.00498008,0,0.005976096,0,0,0,58,0.5,0,7.8,37,131,168,0,0,153,153,154,2,0,0,0
141,0.004232804,0,0.008465608,0,0,0,58,0.6,0,7.9,63,108,171,3,1,153,153,155,4,1,0,0
141,0.003606853,0,0.008115419,0,0,0,58,0.6,1,8.5,60,111,171,3,1,153,154,156,4,1,0,0
141,0.004945598,0,0.006923838,0,0,0,58,0.6,3,9.6,63,108,171,3,1,156,154,157,5,1,0,0
141,0.004535147,0,0.007936508,0,0,0,58,0.6,1,9.1,63,108,171,3,1,160,154,157,9,1,0,0
141,0.004232804,0,0.008465608,0.001058201,0,0,57,0.7,1,8.5,75,96,171,3,0,160,152,156,14,1,0,0
141,0.004699248,0,0.008458647,0.00093985,0,0,57,0.7,1,8.1,69,102,171,4,0,160,152,156,13,1,0,0
139,0.006550218,0.002183406,0.010917031,0.006550218,0,0,55,1.4,0,3.6,71,95,166,5,0,161,140,147,72,1,0,0
139,0.0064,0.0016,0.0096,0.0064,0,0,54,1.6,0,2.2,96,76,172,4,1,161,139,145,78,1,0,0
139,0.009,0.001,0.009,0.005,0,0,52,1.5,4,10.2,96,76,172,5,0,158,140,145,57,1,0,0
139,0.008588957,0.001226994,0.008588957,0.006134969,0,0,53,1.6,6,7,96,76,172,4,0,158,140,146,61,1,0,0
139,0.011308562,0.001615509,0.009693053,0.008077544,0,0,51,1.9,0,0,96,76,172,5,0,147,136,141,42,1,0,0
139,0.010596026,0.001324503,0.00794702,0.006622517,0,0,50,1.5,0,10,99,76,175,6,0,147,138,143,37,1,0,0
139,0.009060023,0.001132503,0.00792752,0.005662514,0,0,50,1.4,0,14.5,102,76,178,8,0,162,142,147,71,1,0,0
139,0.010471204,0.001308901,0.007853403,0.003926702,0,0,50,1.4,0,15,102,76,178,10,0,162,144,149,57,1,0,0
139,0.012578616,0,0.009433962,0,0,0,50,0.9,0,13.4,71,107,178,4,0,162,153,158,25,1,0,0
130,0.005940594,0,0.013861386,0.011881188,0,0,57,2,0,0,125,54,179,4,2,121,115,122,94,0,0,0
140,0.00258565,0.001292825,0.007110537,0.003878474,0,0,64,1.2,0,5.9,74,95,169,6,0,142,137,142,18,0,0,0
140,0.003554502,0.001184834,0.007109005,0.004739336,0,0,64,1.1,0,3.8,73,96,169,5,0,146,140,144,16,0,0,0
140,0.00362757,0,0.006045949,0.00362757,0,0,65,0.9,0,5.5,73,96,169,4,0,145,141,145,13,0,0,0
140,0.004241782,0.001060445,0.007423118,0.004241782,0,0,64,1,0,5.7,69,96,165,4,0,145,139,144,17,1,0,0
140,0.00379867,0.000949668,0.007597341,0.004748338,0,0,63,1.2,0,6.2,70,95,165,6,0,147,137,143,25,1,0,0
140,0.003092784,0.001030928,0.007216495,0.004123711,0,0,63,1.2,0,5.3,68,93,161,4,0,143,136,143,19,1,0,0
140,0.002105263,0.001052632,0.007368421,0.004210526,0,0,64,1.2,0,5.9,68,93,161,2,0,143,135,142,19,1,0,0
140,0.001813237,0.000906618,0.007252947,0.004533092,0,0,64,1.2,0,6.5,66,95,161,5,0,143,134,141,21,1,0,0
140,0.002145923,0.001072961,0.00751073,0.004291845,0,0,63,1.4,0,6.6,70,93,163,7,0,142,134,141,22,1,0,0
140,0.00261324,0.00087108,0.006968641,0.005226481,0,0,63,1.5,0,7.2,153,75,228,9,0,142,120,142,22,0,0,0
140,0.001923077,0.002884615,0.005769231,0.005769231,0,0,62,1.6,0,9.1,153,75,228,9,0,142,118,142,20,0,0,0
140,0.001763668,0.001763668,0.004409171,0.005291005,0,0,63,1.3,1,9.1,153,75,228,7,0,142,121,143,17,0,0,0
140,0.000922509,0.001845018,0.005535055,0.005535055,0,0,63,1.5,1,9.5,163,65,228,5,1,142,118,141,27,0,0,0
140,0.000924214,0.002772643,0.004621072,0.005545287,0,0,62,1.5,1,7.5,163,65,228,5,1,142,118,142,27,0,0,0
140,0,0.003211991,0.005353319,0.004282655,0,0,63,1.2,3,8.1,94,65,159,3,2,140,131,139,28,1,0,0
140,0,0.003525264,0.004700353,0.003525264,0,0,63,1.2,3,8.1,94,65,159,2,2,140,133,140,22,1,0,0
140,0,0.00297619,0.004960317,0.00297619,0,0.000992063,63,1.7,5,4,83,65,148,4,1,140,127,133,32,1,0,0
140,0,0.004160888,0.008321775,0.004160888,0,0.001386963,64,1.3,0,6.4,60,91,151,4,0,139,128,133,21,1,0,0
133,0.001342282,0.001342282,0.005369128,0.005369128,0,0,57,2.6,0,1.5,81,83,164,6,0,132,125,132,21,0,0,0
133,0,0.001090513,0.0087241,0.005452563,0,0,58,2.6,0,1.2,66,83,149,4,0,135,123,132,21,1,0,0
133,0,0.002047083,0.00716479,0.004094166,0,0,60,2.2,0,1.1,65,83,148,1,0,135,124,132,19,1,0,0
133,0,0.004110997,0.006166495,0.004110997,0,0,60,2.5,0,0,65,83,148,2,0,131,122,130,14,1,0,0
133,0,0.00304878,0.009146341,0.003810976,0,0,61,2.5,0,0.1,62,86,148,2,0,133,123,130,14,1,0,0
133,0,0.003948667,0.007897335,0.0029615,0,0,61,2.9,0,0.1,49,93,142,3,0,133,124,132,9,1,0,0
133,0,0.003188098,0.008501594,0.003188098,0,0,63,2.4,0,0.1,39,103,142,2,0,133,125,131,8,1,0,0
133,0,0.003211991,0.00856531,0.003211991,0,0,63,2.3,0,0.5,36,103,139,2,0,133,124,130,8,1,0,0
133,0,0.003198294,0.008528785,0.003198294,0,0,63,2.2,0,0.5,36,103,139,1,0,133,124,130,8,1,0,0
133,0,0.003536693,0.00795756,0.003536693,0,0,62,2.2,0,0.5,48,97,145,2,0,133,123,129,11,1,0,0
133,0,0.003330558,0.007493755,0.003330558,0,0,62,2.1,0,2.3,74,88,162,4,0,133,124,130,12,0,0,0
133,0,0.003561888,0.006233304,0.003561888,0,0,62,2.1,0,1.6,98,64,162,2,0,133,122,129,25,0,0,0
133,0,0.003267974,0.004901961,0.004084967,0,0,62,2,0,1.6,100,62,162,3,0,133,119,128,44,0,0,0
133,0,0.004040404,0.005050505,0.004040404,0,0,62,2.2,0,2,103,62,165,3,0,129,117,128,44,0,0,0
138,0.006622517,0,0.005676443,0,0,0,58,0.6,0,14.4,50,133,183,1,0,152,157,155,17,0,0,0
138,0.004907975,0,0.004907975,0,0,0,58,0.6,0,19.3,46,137,183,3,0,149,160,161,27,1,0,0
138,0.01119403,0,0.004975124,0,0,0,57,0.7,0,3.7,48,135,183,3,0,152,160,161,21,1,0,0
138,0.010404624,0,0.005780347,0,0,0,57,0.8,0,3.8,51,127,178,3,0,149,150,150,10,0,0,0
138,0.009456265,0,0.004728132,0,0,0,57,0.8,0,7.3,41,127,168,2,0,148,145,148,6,0,0,0
138,0.006718925,0,0.004479283,0,0,0,59,0.7,0,8.5,43,125,168,1,0,148,145,147,6,0,0,0
138,0.004667445,0,0.004667445,0,0,0,59,0.8,0,8,43,125,168,2,0,148,143,145,7,0,0,0
138,0.005994006,0,0.004995005,0,0,0,59,0.8,0,7.7,43,125,168,3,0,148,144,146,6,0,0,0
138,0.006361323,0,0.003816794,0,0,0,60,0.7,0,7.7,43,125,168,1,0,148,145,146,6,0,0,0
138,0.005624297,0.002249719,0.003374578,0,0,0,60,0.8,0,7.4,43,125,168,1,0,148,144,147,6,0,0,0
135,0.011664899,0.002120891,0.004241782,0,0,0,60,0.9,0,0.5,44,124,168,3,0,148,144,147,6,0,0,0
135,0.011363636,0.001893939,0.003787879,0,0,0,60,0.9,0,0.4,44,124,168,3,0,148,144,146,6,0,0,0
135,0.012035011,0.002188184,0.002188184,0,0,0,59,1,0,0.5,39,124,163,1,0,148,143,146,6,0,0,0
135,0.010964912,0.002192982,0.004385965,0,0,0,60,0.9,0,0.5,39,124,163,1,0,148,143,146,6,0,0,0
135,0.009009009,0.002252252,0.005630631,0,0,0,60,0.9,0,3.8,39,124,163,2,0,148,143,146,6,0,0,0
135,0.00742115,0.001855288,0.006493506,0,0,0,60,1,0,5.2,40,123,163,0,0,148,142,145,7,0,0,0
135,0.007462687,0.002132196,0.006396588,0,0,0,62,0.9,1,8.2,41,119,160,1,0,148,142,146,8,0,0,0
135,0.006200177,0.001771479,0.007971656,0,0,0,63,0.8,0,9.5,40,120,160,1,0,147,141,145,6,0,0,0
135,0.005393743,0,0.002157497,0,0,0,63,0.8,0,9.9,41,119,160,1,0,147,141,143,7,0,0,0
135,0.003225806,0,0.002150538,0,0,0,64,0.7,0,9.5,41,119,160,2,0,147,141,143,7,0,0,0
135,0.002134472,0,0.003201708,0,0,0,64,0.6,0,10.2,41,119,160,3,0,147,141,143,7,0,0,0
135,0.001067236,0,0.003201708,0,0,0,65,0.6,0,10.3,38,119,157,4,0,147,141,143,6,0,0,0
135,0.008238525,0.000784621,0.003923107,0,0,0,61,0.8,0,6.7,48,120,168,2,0,148,143,145,6,0,0,0
135,0.007256894,0,0.004354136,0,0,0,58,0.8,0,7.5,50,121,171,3,0,147,146,147,8,0,0,0
135,0.007407407,0,0.004938272,0,0,0,58,0.8,0,6.9,50,121,171,2,0,148,146,147,8,0,0,0
135,0.006426735,0,0.003856041,0,0,0,58,1,0,5.6,43,121,164,3,0,147,144,146,6,0,0,0
135,0.006127451,0,0.00122549,0,0,0,58,1.1,0,4.3,53,111,164,3,0,141,143,145,8,0,0,0
135,0.006345178,0,0,0,0,0,58,1.2,0,5.2,51,111,162,2,0,141,141,143,6,0,0,0
135,0.007860262,0,0.005240175,0,0,0,58,1,0,4.7,58,113,171,3,0,141,144,146,10,0,0,0
125,0,0,0.007256894,0.008708273,0,0,62,1.6,0,1.5,73,68,141,7,0,129,117,125,32,1,0,0
125,0,0,0.007202881,0.008403361,0,0,62,1.7,0,1.2,73,68,141,9,0,128,117,126,29,1,0,0
125,0,0,0.006830601,0.008196721,0,0,62,1.4,0,1.4,73,68,141,8,0,128,117,125,30,1,0,0
125,0,0,0.007722008,0.009009009,0,0,62,1.3,0,1.3,70,68,138,6,0,128,117,124,25,1,0,0
125,0,0.00122549,0.007352941,0.007352941,0,0,62,1.9,0,1.6,70,68,138,6,0,130,118,127,25,1,0,0
125,0,0.001088139,0.008705114,0.008705114,0,0,63,1.6,0,1.7,70,68,138,4,0,130,116,124,32,1,0,0
125,0,0.001144165,0.009153318,0.008009153,0,0,62,1.7,0,1.1,72,68,140,5,0,130,116,125,29,1,0,0
125,0,0.000729927,0.008029197,0.008029197,0,0,62,1.7,0,1.3,69,71,140,8,0,130,117,125,30,1,0,0
125,0.000925926,0.000925926,0.008333333,0.007407407,0,0,62,1.6,0,4.8,82,71,153,5,0,130,118,125,30,0,0,0
125,0,0.001240695,0.007444169,0.007444169,0,0,61,1.8,0,5.1,73,74,147,4,0,130,117,125,26,1,0,0
125,0.005617978,0.001872659,0.009363296,0.003745318,0,0,59,2.1,0,7.8,90,74,164,8,1,131,122,126,27,0,0,0
125,0.004724409,0.001574803,0.006299213,0.006299213,0,0,60,1.9,0,6.7,90,74,164,6,1,130,121,124,26,0,0,0
125,0.004643963,0.001547988,0.00619195,0.009287926,0,0,60,1.3,0,7.5,96,68,164,6,1,110,120,120,34,0,0,0
125,0.003875969,0.00129199,0.006459948,0.009043928,0,0,61,1.2,0,6.9,96,68,164,5,1,110,118,119,30,0,0,0
125,0.001572327,0.001572327,0.009433962,0.009433962,0,0,63,1.2,0,0.8,100,64,164,8,1,114,114,117,15,0,0,0
125,0.001196172,0.001196172,0.008373206,0.009569378,0,0,63,1.1,0,4.1,100,64,164,5,2,116,114,117,13,0,0,0
125,0,0.001254705,0.007528231,0.011292346,0,0,65,1.1,0,5.5,76,64,140,5,1,116,111,115,9,1,0,0
125,0,0.001116071,0.0078125,0.008928571,0,0.001116071,65,1,0,5.2,76,64,140,4,1,116,111,115,10,0,0,0
125,0,0.001127396,0.009019166,0.00789177,0,0.001127396,64,1.1,0,5,82,64,146,5,2,116,110,115,10,0,0,0
125,0,0,0.008588957,0.006134969,0,0.001226994,65,1,0,5.6,82,64,146,6,2,116,110,115,9,0,0,0
125,0,0,0.008,0.006666667,0,0.001333333,65,1,0,5.8,82,64,146,7,2,117,111,116,9,0,0,0
125,0,0,0.008827238,0.00630517,0,0.001261034,65,1.1,0,7.3,82,64,146,5,1,116,111,116,9,0,0,0
125,0,0,0.00913242,0.006849315,0,0.001141553,65,1.3,0,6.5,82,64,146,5,1,116,111,116,8,0,0,0
125,0,0,0.009750813,0.005417118,0,0.001083424,65,1.2,0,6.3,70,76,146,3,0,116,111,114,8,0,0,0
125,0,0,0.006188119,0.006188119,0,0.001237624,65,1.3,0,3,77,78,155,4,0,110,111,113,8,0,0,0
125,0,0,0.008438819,0.007383966,0,0.001054852,64,1.3,0,2.6,77,78,155,4,0,114,111,114,7,0,0,0
125,0,0,0.008158508,0.006993007,0,0.001165501,64,1.4,0,2.7,77,78,155,4,0,107,111,113,11,0,0,0
125,0,0,0.007185629,0.008383234,0,0,64,1.4,0,2.4,90,65,155,6,0,111,111,114,8,0,0,0
125,0,0,0.007263923,0.010895884,0,0,64,1.3,0,1.9,90,65,155,5,0,111,111,113,7,0,0,0
125,0,0,0.007641921,0.010917031,0,0,65,1.3,0,1.7,90,65,155,5,0,111,111,113,7,0,0,0
129,0,0.001811594,0.005434783,0.012681159,0,0,58,4.3,0,0,158,72,230,10,1,111,88,126,33,-1,0,0
129,0,0.001669449,0.005008347,0.013355593,0,0,58,3.9,0,0,158,72,230,10,1,113,90,124,28,-1,0,0
128,0,0.003541913,0.008264463,0.008264463,0,0,64,2,0,0,100,71,171,4,2,122,112,123,20,0,0,0
128,0,0.007117438,0.007117438,0.007117438,0,0,64,2.2,0,0,84,87,171,5,1,129,118,125,13,0,0,0
128,0,0.006564551,0.006564551,0.006564551,0,0,65,2,0,1.1,84,87,171,3,1,129,119,127,13,0,0,0
128,0,0.005343511,0.007633588,0.009160305,0,0,63,2.4,0,1.1,107,64,171,6,0,129,114,127,18,0,0,0
128,0,0.006183746,0.008833922,0.008833922,0,0,63,2.5,0,1.2,107,64,171,4,1,129,115,128,17,0,0,0
128,0,0.006222222,0.008888889,0.009777778,0,0,63,2.7,0,1.3,96,64,160,6,1,129,111,128,21,0,0,0
128,0,0.006603774,0.008490566,0.009433962,0,0,63,3,0,1.5,96,64,160,5,2,127,109,128,24,0,0,0
128,0,0.007675439,0.006578947,0.009868421,0,0,63,2.8,0,1.4,96,64,160,3,0,127,114,129,16,0,0,0
125,0.00476758,0.015494636,0.007151371,0,0,0,66,4.1,5,0.3,23,123,146,0,0,133,126,134,1,0,0,0
128,0,0.001912046,0.001912046,0,0,0,70,1.9,16,4.1,20,119,139,2,0,130,127,131,1,0,0,0
127,0.002587322,0.016817594,0.005174644,0,0,0,66,4.2,5,0.3,23,123,146,0,0,133,126,134,0,0,0,0
127,0.002902758,0.002902758,0.007256894,0,0,0,65,1.2,44,3,26,120,146,2,0,126,126,128,1,-1,0,0
127,0.002793296,0.002793296,0.00698324,0,0,0,65,1.2,46,3,26,120,146,2,0,126,126,128,1,-1,0,0
127,0,0,0.00528169,0,0,0,65,0.7,55,3.5,13,120,133,1,0,126,126,127,0,0,0,0
127,0,0.000789889,0.004739336,0,0,0,62,0.7,58,4.1,20,120,140,1,0,126,125,126,0,-1,0,0
127,0,0.001023541,0.005117707,0,0,0,63,0.7,59,4,20,120,140,2,0,126,125,127,0,-1,0,0
127,0,0.001113586,0.005567929,0,0,0,62,0.7,64,4.1,20,120,140,1,0,124,125,126,1,-1,0,0
127,0,0.001282051,0.006410256,0,0,0,60,0.7,60,4.1,20,120,140,2,0,122,124,125,1,-1,0,0
127,0,0.001121076,0.005605381,0,0,0,60,0.6,61,4.2,20,120,140,2,0,123,124,125,0,-1,0,0
127,0,0,0.005662514,0,0,0,62,0.5,73,4,12,119,131,1,0,123,124,125,0,0,0,0
127,0,0,0.004700353,0,0,0,63,0.5,71,4,12,119,131,1,0,123,123,124,0,0,0,0
127,0,0,0.005660377,0,0,0,65,0.4,67,4.3,12,119,131,1,0,123,124,125,0,0,0,0
127,0,0,0.005870841,0,0,0,70,0.4,63,4.1,18,119,137,2,0,123,125,126,1,0,0,0
127,0,0.000974659,0.005847953,0,0,0,71,0.9,52,3.8,18,119,137,2,0,129,125,128,1,0,0,0
127,0,0.000884173,0.00530504,0,0,0,66,0.8,58,4.1,19,120,139,1,0,123,125,127,1,-1,0,0
130,0.009090909,0.002597403,0.007792208,0,0,0,65,1.7,0,1.3,45,112,157,4,0,136,135,138,3,0,0,0
130,0.009400705,0,0.003525264,0,0,0,67,1.1,0,1,45,112,157,5,0,137,136,138,2,0,0,0
130,0.00877193,0.001096491,0.002192982,0,0,0,66,1.2,0,1,45,112,157,6,0,137,136,138,2,0,0,0
130,0.007865169,0.001123596,0,0,0,0,67,0.9,0,1.2,45,112,157,4,0,137,137,139,3,0,0,0
130,0.007099391,0.001014199,0,0,0,0,67,0.9,0,2.8,46,112,158,4,0,137,138,139,4,0,0,0
130,0.006746627,0.000749625,0.005247376,0,0,0,69,0.7,5,4.2,46,112,158,4,0,139,139,140,3,0,0,0
130,0.007487521,0.000831947,0.000831947,0,0,0,70,0.7,6,4.4,31,127,158,1,0,139,140,141,3,0,0,0
130,0.007320644,0.000732064,0.000732064,0,0,0,71,0.7,5,3.8,31,127,158,1,0,139,139,140,3,0,0,0
130,0.007575758,0.000841751,0.005050505,0,0,0,70,0.7,6,4.3,31,127,158,1,0,139,140,141,3,0,0,0
130,0.007011394,0.000876424,0.000876424,0,0,0,71,0.7,10,4,31,127,158,1,0,139,140,141,3,0,0,0
130,0.005474453,0.000912409,0.000912409,0,0,0,72,0.9,9,4.8,31,127,158,1,0,139,139,141,3,0,0,0
130,0.005110733,0.000851789,0.000851789,0,0,0,72,0.9,8,4.4,31,127,158,2,0,139,139,140,3,0,0,0
130,0.004789272,0,0.000957854,0,0,0,73,0.6,9,5,32,126,158,2,0,139,140,141,3,0,0,0
130,0.003525264,0,0.001175088,0,0,0,75,0.6,10,5.4,32,126,158,3,0,139,139,140,3,0,0,0
130,0.003003003,0.002002002,0.001001001,0,0,0,74,1.3,8,5,32,126,158,3,0,139,137,140,3,0,0,0
130,0,0.008196721,0.005464481,0,0,0,73,2.9,0,2.2,27,124,151,2,0,132,127,133,1,-1,0,0
130,0,0.009433962,0.005896226,0,0,0,72,2.6,5,1.5,27,124,151,1,0,130,127,131,1,-1,0,0
130,0,0.008860759,0.007594937,0,0,0,73,2.1,12,1.4,27,124,151,2,0,128,127,130,1,-1,0,0
128,0.000896057,0.006272401,0.006272401,0,0,0,76,1.7,25,1.9,22,124,146,2,0,128,127,130,1,-1,0,0
128,0.000978474,0.002935421,0.005870841,0,0,0,78,1.2,35,2.4,27,124,151,2,0,128,127,130,1,-1,0,0
133,0,0.001154734,0.005773672,0,0,0,78,0.3,73,3.5,22,132,154,2,0,136,136,138,0,-1,0,0
133,0,0.001236094,0.00618047,0,0,0,79,0.5,70,3.1,10,131,141,1,0,136,135,137,0,0,0,0
133,0,0.00120919,0.004836759,0,0,0,78,0.8,59,2.6,13,131,144,1,0,136,134,136,0,-1,0,0
133,0,0.001156069,0.004624277,0,0,0,78,0.8,44,3.6,14,130,144,1,0,136,134,137,0,0,0,0
133,0,0.001206273,0.00482509,0,0,0,77,0.9,34,4.4,17,130,147,1,0,136,135,137,0,0,0,0
133,0,0.001027749,0.004110997,0,0,0,76,0.8,29,5.3,17,130,147,1,0,136,135,137,0,0,0,0
133,0,0.001141553,0.003424658,0,0,0,77,0.8,16,5.8,17,130,147,1,0,135,135,137,1,0,0,0
133,0,0.001226994,0.003680982,0,0,0,76,0.6,12,6.8,17,130,147,0,0,136,136,138,1,0,0,0
133,0,0,0.004032258,0,0,0,75,0.4,13,7.2,26,129,155,1,0,136,137,139,1,0,0,0
133,0,0,0.006711409,0,0,0,75,0.4,15,6.7,26,129,155,2,0,136,137,139,1,0,0,0
133,0,0,0.005312085,0,0,0,75,0.6,20,4.7,26,129,155,2,0,136,136,138,0,-1,0,0
133,0,0.004201681,0.005602241,0,0,0,73,1.6,14,3.2,32,123,155,3,0,136,133,137,1,0,0,0
133,0,0.008652658,0.004944376,0,0,0,72,2.1,11,2.5,60,91,151,10,0,136,132,136,1,1,0,0
133,0,0.009840098,0.004920049,0,0,0,70,2.7,4,1.5,60,91,151,8,1,134,130,135,1,1,0,0
133,0,0.009356725,0.008187135,0,0,0,69,3,1,1.2,57,91,148,8,0,134,128,134,2,1,0,0
133,0,0.006031363,0.007237636,0,0,0,68,3,1,1.3,57,91,148,8,0,133,129,134,2,1,0,0
133,0,0.001261034,0.007566204,0,0,0,70,2,6,2.5,68,91,159,7,1,133,132,135,3,0,0,0
136,0,0,0.009370817,0,0,0,78,0.4,27,4.6,43,112,155,4,0,138,137,139,0,0,0,0
136,0,0,0.009324009,0,0,0,79,0.2,40,5.1,20,129,149,2,0,138,138,139,0,0,0,0
136,0,0.001096491,0.007675439,0,0,0,78,0.4,36,7.1,36,113,149,3,0,139,137,139,1,1,0,0
136,0,0.001293661,0.006468305,0,0,0,74,1,21,7,42,107,149,2,0,137,135,138,1,1,0,0
136,0,0.002567394,0.007702182,0.001283697,0,0,67,2.2,0,4.4,45,100,145,3,0,133,131,136,2,1,0,0
136,0,0.00128041,0.007682458,0.00128041,0,0,67,1.9,0,5.3,45,100,145,2,0,135,132,136,2,1,0,0
136,0,0.004109589,0.008219178,0.006849315,0,0.001369863,64,2.2,0,3,85,67,152,5,0,134,119,131,45,1,0,0
136,0,0.004347826,0.008695652,0.008695652,0,0.002173913,63,2.2,0,1.9,86,67,153,6,0,134,112,123,71,1,0,0
136,0,0.004823151,0.006430868,0.008038585,0,0.001607717,63,2.2,0,5,85,67,152,6,0,134,116,128,53,1,0,0
136,0,0.002070393,0.008281573,0,0,0,67,1.5,11,4.7,38,115,153,4,0,140,133,138,4,0,0,0
137,0,0,0.007009346,0,0,0,81,0.4,33,6.3,31,121,152,2,0,146,143,145,1,1,0,0
140,0,0,0.006423983,0,0,0,83,0.2,48,5.4,20,132,152,2,0,145,145,146,0,0,0,0
140,0.003968254,0,0.003968254,0,0,0,80,0.2,36,2.2,18,140,158,1,0,147,148,149,1,0,0,0
140,0,0,0.0078125,0,0,0,79,0.3,20,8.5,26,124,150,1,0,144,143,145,1,1,0,0
140,0,0,0.006469501,0.000924214,0,0,79,0.5,26,7,21,129,150,1,0,145,142,145,2,1,0,0
140,0,0,0.006764374,0.001127396,0,0,79,0.6,27,6.4,26,124,150,1,0,144,141,145,1,1,0,0
140,0,0,0.004975124,0.001243781,0,0,77,0.7,17,6,31,124,155,2,0,145,143,145,2,0,0,0
142,0.001615509,0.001615509,0.008077544,0,0,0,74,0.4,36,5,42,117,159,2,1,145,143,145,1,0,0,0
133,0,0,0.006628788,0,0,0,43,0.8,30,11.2,48,106,154,4,0,145,140,143,4,1,0,0
133,0,0,0.007633588,0,0,0,48,0.6,46,6.8,25,125,150,2,0,145,142,144,1,1,0,0
149,0,0,0.005631537,0,0,0,61,0.4,54,5.2,13,146,159,1,0,154,153,155,0,0,0,0
149,0,0,0.005376344,0,0,0,63,0.4,65,4.6,12,146,158,1,0,153,153,155,0,1,0,0
149,0,0,0.006617039,0,0,0,62,0.4,46,5.5,14,146,160,1,0,154,153,155,0,0,0,0
149,0,0,0.005896226,0,0,0,61,0.4,34,5.6,12,148,160,1,0,154,153,155,0,0,0,0
138,0,0,0.005420054,0,0,0,36,2.4,0,16,78,114,192,6,1,160,157,160,14,0,0,0
138,0.000869565,0,0.002608696,0,0,0,32,3.2,0,15.2,68,124,192,4,1,160,158,159,11,0,0,0
140,0,0,0.005540166,0,0,0,42,1.4,16,11.1,48,124,172,1,0,151,150,151,4,0,0,0
140,0,0,0.003680982,0,0,0,48,0.9,21,9.5,37,135,172,2,1,151,152,152,3,0,0,0
133,0,0.00277855,0.006390664,0,0,0,74,1.3,28,3.9,31,119,150,7,0,136,134,137,1,0,0,0
140,0,0,0.007425743,0,0,0,79,0.2,25,7.2,40,137,177,4,0,153,150,152,2,0,0,0
140,0.000774593,0,0.00697134,0,0,0,78,0.4,22,7.1,66,103,169,6,0,152,148,151,3,1,0,0
140,0.000980392,0,0.006862745,0,0,0,79,0.4,20,6.1,67,103,170,5,0,153,148,152,4,1,0,0
140,0.000678887,0,0.00610998,0,0,0,78,0.4,27,7,66,103,169,6,0,152,147,151,4,1,0,0
110,0.003215434,0.001607717,0.006430868,0.007234727,0,0.001607717,68,3.1,0,0,133,60,193,8,0,91,83,95,42,-1,0,0
110,0.004444444,0,0.008888889,0.006666667,0,0.002222222,68,3,0,0,133,60,193,7,0,91,87,95,41,-1,0,0
110,0.003466205,0.001733102,0.006932409,0.006932409,0,0.001733102,68,3,0,0,133,60,193,6,0,91,84,94,45,-1,0,0
110,0.001706485,0.003412969,0.001706485,0.008532423,0,0.001706485,68,3.2,0,0,124,63,187,6,1,91,78,94,39,-1,0,0
110,0.004145078,0.002072539,0.005181347,0.008290155,0,0.001036269,67,3.3,0,0,130,63,193,5,0,88,85,97,59,-1,0,0
110,0.003202562,0.001601281,0.006405124,0.006405124,0,0.001601281,68,3.1,0,0,133,60,193,8,0,91,82,95,42,-1,0,0
131,0,0.002702703,0.002702703,0.008108108,0,0.002702703,67,1.7,0,0,68,78,146,7,0,121,116,120,15,0,0,0
134,0,0,0.009302326,0.00620155,0,0.001550388,64,1.5,0,3.8,70,83,153,5,0,137,119,124,50,1,0,0
134,0.001953125,0.001953125,0,0.001953125,0,0.00390625,63,1.5,0,0,100,71,171,4,1,89,105,105,72,-1,0,0
134,0.0048,0.0016,0.0016,0.0032,0,0.0032,62,1.5,0,0,113,71,184,4,0,89,113,110,148,-1,0,0
134,0.004213483,0.001404494,0.001404494,0.004213483,0,0.002808989,60,1.6,0,0,113,71,184,7,0,89,118,113,195,-1,0,0
134,0.004385965,0.001096491,0.001096491,0.003289474,0,0.003289474,61,1.8,0,0,118,66,184,6,0,88,112,111,182,-1,0,0
134,0.003773585,0.001257862,0.001257862,0.002515723,0,0.003773585,62,1.8,0,0,118,66,184,5,0,88,106,107,128,-1,0,0
134,0.003016591,0,0,0,0,0.004524887,64,1.7,0,0,114,66,180,6,1,88,101,102,88,-1,0,0
134,0.003039514,0,0,0,0,0.004559271,65,1.8,0,0,114,66,180,8,1,88,100,101,83,-1,0,0
134,0.003870968,0,0,0.001290323,0,0.003870968,64,1.9,0,0,120,66,186,9,0,88,104,106,109,-1,0,0
120,0,0,0.003348214,0.012276786,0,0,59,1.6,0,9.8,85,69,154,4,1,91,107,107,62,0,0,0
120,0,0,0.003562945,0.013064133,0,0,59,1.6,0,11.1,83,69,152,4,1,91,106,106,56,0,0,0
120,0,0,0.004424779,0.01179941,0,0,59,1.6,0,10.8,83,69,152,4,1,105,106,107,31,0,0,0
120,0,0,0.004700353,0.010575793,0,0,60,1.6,0,9,85,69,154,4,1,86,105,105,75,0,0,0
120,0,0,0.004807692,0.008653846,0,0.000961538,62,1.5,0,8.8,85,69,154,5,1,86,102,101,64,-1,0,0
120,0,0,0.005399568,0.006479482,0,0.001079914,62,1.5,0,9.3,85,69,154,4,1,86,101,98,64,-1,0,0
120,0,0,0.004451039,0.007418398,0,0.00148368,64,1.3,0,8.4,85,69,154,3,1,86,97,93,48,-1,0,0
120,0,0,0.004555809,0.005694761,0,0.002277904,64,1.1,0,8.1,85,69,154,2,1,86,98,95,44,-1,0,0
120,0,0,0.003297609,0.005770816,0,0.001648805,62,1.3,0,9.4,83,69,152,6,1,86,101,101,56,0,0,0
120,0,0,0.001148106,0.006888634,0,0.002296211,64,1.1,0,0,80,74,154,3,0,86,99,99,40,-1,0,0
120,0,0,0.001749781,0.009623797,0,0.001749781,63,1.3,0,0,83,69,152,6,0,107,100,101,26,0,0,0
120,0,0,0.002085506,0.008342023,0,0.002085506,64,1.3,0,0,77,69,146,8,0,86,98,100,38,0,0,0
120,0,0,0.004621072,0.010166359,0,0.001848429,64,1.7,0,0,111,63,174,10,1,86,92,102,43,-1,0,0
120,0,0,0.004454343,0.008908686,0,0.001484781,63,2,0,0,128,63,191,12,2,107,93,106,36,-1,0,0
120,0,0,0.004095963,0.0093622,0,0.001170275,62,1.9,0,3.9,128,63,191,10,1,107,95,105,37,-1,0,0
120,0,0,0.004734848,0.009469697,0,0.001893939,64,1.7,0,0,111,63,174,10,1,86,93,101,42,-1,0,0
121,0,0.001631321,0.001631321,0.014681892,0,0,61,2,0,4.9,98,62,160,8,0,114,100,106,59,0,0,0
121,0,0.000947867,0.003791469,0.01042654,0.000947867,0,66,2.1,0,6.4,105,55,160,7,0,67,85,92,109,-1,0,0
121,0,0.001028807,0.00308642,0.011316872,0.001028807,0,67,2.1,0,0,102,55,157,4,1,67,81,87,89,-1,0,0
121,0,0.001177856,0.004711425,0.011778563,0.001177856,0,66,2.1,0,0,102,55,157,5,1,67,83,90,98,-1,0,0
121,0,0.001144165,0.003432494,0.010297483,0.001144165,0,68,2.1,0,0,102,55,157,3,1,67,79,82,83,-1,0,0
121,0,0,0.00405954,0.00947226,0.00135318,0,70,1.9,0,0,102,55,157,6,2,67,76,79,68,-1,0,0
138,0,0.002267574,0.009070295,0.013605442,0,0.002267574,60,2.6,0,0,106,55,161,8,2,117,99,117,80,0,0,0
138,0,0.00177305,0.008865248,0.010638298,0,0.00177305,57,2.6,0,0.7,106,55,161,6,1,135,107,122,121,1,0,0
138,0,0,0.009310987,0.013035382,0,0,57,2.5,0,0.7,106,55,161,6,1,135,109,123,113,1,0,0
138,0,0.001968504,0.00984252,0.011811024,0,0.001968504,58,2.5,0,1.2,106,55,161,8,1,117,103,119,76,0,0,0
130,0.002053388,0,0.014373717,0.014373717,0,0,59,2.1,0,0,127,50,177,8,2,121,101,115,79,0,0,0
130,0.001675042,0,0.011725293,0.013400335,0,0,61,2,0,0,127,50,177,5,0,121,98,115,94,0,0,0
130,0.001459854,0,0.011678832,0.013138686,0,0,62,2,0,0,127,50,177,7,0,60,95,112,269,0,0,0
130,0.00130719,0.00130719,0.011764706,0.010457516,0,0.00130719,62,2.2,0,0,161,50,211,9,0,60,89,113,250,0,0,0
130,0.001547988,0.001547988,0.009287926,0.009287926,0,0.001547988,63,2.3,0,0,161,50,211,5,0,60,88,113,254,-1,0,0
130,0.001694915,0.001694915,0.008474576,0.008474576,0,0.001694915,64,2.4,0,0,161,50,211,8,0,60,85,112,243,-1,0,0
130,0.001930502,0.001930502,0.007722008,0.007722008,0,0.001930502,64,2.5,0,0,161,50,211,7,0,60,83,114,241,-1,0,0
130,0,0.002369668,0.007109005,0.007109005,0,0.002369668,66,2.4,0,0,161,50,211,7,0,60,75,108,190,-1,0,0
140,0,0.007668712,0.006134969,0.001533742,0,0.003067485,62,2.4,2,0.3,56,85,141,3,0,131,123,130,11,1,0,0
133,0,0.001488095,0.005952381,0.00297619,0,0.00297619,60,2.2,0,5,105,60,165,5,0,100,104,108,52,0,0,0
133,0,0.001158749,0.005793743,0.003476246,0,0.002317497,62,1.9,0,4.2,105,60,165,4,0,128,108,116,71,0,0,0
133,0,0.001009082,0.005045409,0.003027245,0,0.002018163,61,2.3,0,5,105,60,165,4,0,128,103,116,70,0,0,0
133,0,0.001287001,0.005148005,0.002574003,0,0.002574003,60,2.8,0,8.1,105,60,165,5,0,100,98,107,45,0,0,0
133,0,0.001148106,0.005740528,0.002296211,0,0.002296211,60,2.7,0,8.2,105,60,165,5,0,119,100,112,53,0,0,0
133,0,0.001026694,0.006160164,0.002053388,0,0.002053388,60,2.8,0,7.7,105,60,165,5,0,119,100,111,53,0,0,0
133,0,0.001187648,0.005938242,0.001187648,0,0.002375297,60,3.1,0,9.5,105,60,165,7,0,93,98,107,57,0,0,0
133,0,0,0.006684492,0.001336898,0,0.002673797,60,3.2,0,0,105,60,165,6,0,93,94,102,42,0,0,0
133,0,0,0.010089686,0.002242152,0,0.002242152,60,3,0,0,105,60,165,5,0,125,97,105,80,0,0,0
133,0,0,0.011969532,0.001088139,0,0.002176279,60,3,0,0,97,58,155,4,0,125,96,105,79,0,0,0
133,0,0,0.010044643,0.003348214,0,0.001116071,60,3.3,0,0,81,58,139,2,0,125,96,111,75,1,0,0
133,0,0,0.01025641,0.003418803,0,0.001709402,60,3,0,0,104,58,162,5,0,125,95,103,90,0,0,0
133,0,0,0.009863429,0.003034901,0,0.002276176,61,2.8,0,0,105,57,162,6,0,125,96,103,95,0,0,0
133,0.000717875,0,0.009332376,0.003589375,0,0.002153625,60,2.8,0,0,127,57,184,8,0,125,98,104,95,0,0,0
133,0.000650195,0,0.009102731,0.003250975,0,0.00260078,61,2.6,0,0,132,52,184,7,0,125,96,102,108,0,0,0
133,0,0,0.003703704,0.003703704,0,0.003703704,63,1.9,0,0,104,62,166,5,0,77,93,92,74,-1,0,0
133,0.001440922,0,0.008645533,0.004322767,0,0.004322767,63,2.1,0,0,133,52,185,4,0,125,94,97,147,-1,0,0
133,0.001038422,0,0.008307373,0.004153686,0,0.003115265,62,2.2,0,0,133,52,185,5,0,125,100,108,114,0,0,0
133,0.000868056,0,0.010416667,0.004340278,0,0.001736111,61,2.7,0,0,132,52,184,5,0,125,96,110,103,0,0,0
133,0,0,0.009946442,0.003060444,0,0.002295333,61,2.8,0,0,98,57,155,4,0,125,95,103,95,0,0,0
129,0,0,0.00630517,0.010088272,0,0.001261034,65,2.6,0,0,101,50,151,9,2,105,91,113,13,0,0,0
129,0,0.001010101,0.006060606,0.009090909,0,0.001010101,65,2.8,0,0,101,50,151,7,2,105,88,112,13,0,0,0
129,0,0.000921659,0.005529954,0.008294931,0,0.001843318,65,2.8,0,0,101,50,151,7,2,105,86,112,13,0,0,0
129,0,0.00084674,0.00508044,0.00762066,0,0.00169348,65,2.9,0,0,101,50,151,6,2,105,84,111,12,0,0,0
129,0,0.000749625,0.006746627,0.006746627,0,0.002248876,65,3.1,0,0,180,50,230,10,1,105,83,112,14,-1,0,0
129,0,0.000884173,0.006189213,0.006189213,0,0.00265252,66,2.9,0,0,94,50,144,8,0,105,85,109,11,0,0,0
129,0,0.00091659,0.006416132,0.005499542,0,0.002749771,66,2.8,0,0,94,50,144,6,0,105,85,110,11,0,0,0
129,0,0.001038422,0.00623053,0.00623053,0,0.002076843,66,3.2,0,0,96,50,146,8,0,105,82,108,10,0,0,0
129,0,0.001122334,0.006734007,0.005611672,0,0.002244669,67,3.2,0,0,80,66,146,7,0,105,80,107,9,0,0,0
129,0,0.001072961,0.006437768,0.005364807,0,0.002145923,67,3.3,0,0,129,63,192,7,0,105,80,107,14,-1,0,0
128,0,0.001094092,0.007658643,0.00547046,0,0.002188184,66,2.9,0,0,129,63,192,6,1,103,84,110,20,-1,0,0
128,0,0.002014099,0.007049345,0.005035247,0,0.002014099,65,2.6,0,0,129,63,192,6,0,103,92,114,28,0,0,0
128,0,0.001545595,0.006955178,0.004636785,0,0.002318393,66,2.7,0,0,129,63,192,4,0,105,89,112,21,0,0,0
128,0,0.001850139,0.007400555,0.005550416,0,0.001850139,65,2.5,0,0,129,63,192,6,0,104,94,115,28,0,0,0
128,0,0.0025,0.006666667,0.005833333,0,0.001666667,65,2.5,0,0,129,63,192,5,0,114,97,116,25,0,0,0
128,0,0,0.008032129,0.010040161,0,0,63,4.2,0,0,90,66,156,5,0,69,73,118,128,0,0,0
